{
  "model": "cardiffnlp/twitter-roberta-base-sentiment",
  "test_accuracy": 0.9426439232409382,
  "test_f1_macro": 0.9399306397937641,
  "test_f1_weighted": 0.9427947068584404,
  "train_samples": 21883,
  "val_samples": 4689,
  "test_samples": 4690,
  "epochs": 3,
  "batch_size": 16,
  "learning_rate": 2e-05
}